{
	"BUILD_DIR" : "Z:/build-Project-Desktop_Qt_5_15_2_MinGW_64_bit-Release/QT_cmake/Tolteca_GUI_autogen",
	"CMAKE_BINARY_DIR" : "Z:/build-Project-Desktop_Qt_5_15_2_MinGW_64_bit-Release",
	"CMAKE_CURRENT_BINARY_DIR" : "Z:/build-Project-Desktop_Qt_5_15_2_MinGW_64_bit-Release/QT_cmake",
	"CMAKE_CURRENT_SOURCE_DIR" : "Z:/Project/QT_cmake",
	"CMAKE_EXECUTABLE" : "C:/Program Files/CMake/bin/cmake.exe",
	"CMAKE_LIST_FILES" : 
	[
		"Z:/Project/QT_cmake/CMakeLists.txt",
		"E:/5.15.2/mingw81_64/lib/cmake/Qt5/Qt5ConfigVersion.cmake",
		"E:/5.15.2/mingw81_64/lib/cmake/Qt5/Qt5Config.cmake",
		"E:/5.15.2/mingw81_64/lib/cmake/Qt5/Qt5ModuleLocation.cmake",
		"E:/5.15.2/mingw81_64/lib/cmake/Qt5Widgets/Qt5WidgetsConfigVersion.cmake",
		"E:/5.15.2/mingw81_64/lib/cmake/Qt5Widgets/Qt5WidgetsConfig.cmake",
		"E:/5.15.2/mingw81_64/lib/cmake/Qt5Gui/Qt5GuiConfigVersion.cmake",
		"E:/5.15.2/mingw81_64/lib/cmake/Qt5Gui/Qt5GuiConfig.cmake",
		"E:/5.15.2/mingw81_64/lib/cmake/Qt5Core/Qt5CoreConfigVersion.cmake",
		"E:/5.15.2/mingw81_64/lib/cmake/Qt5Core/Qt5CoreConfig.cmake",
		"E:/5.15.2/mingw81_64/lib/cmake/Qt5Core/Qt5CoreConfigExtras.cmake",
		"E:/5.15.2/mingw81_64/lib/cmake/Qt5Core/Qt5CoreConfigExtrasMkspecDir.cmake",
		"E:/5.15.2/mingw81_64/lib/cmake/Qt5Core/Qt5CoreMacros.cmake",
		"C:/Program Files/CMake/share/cmake-3.19/Modules/CMakeParseArguments.cmake",
		"E:/5.15.2/mingw81_64/lib/cmake/Qt5Gui/Qt5Gui_QGifPlugin.cmake",
		"E:/5.15.2/mingw81_64/lib/cmake/Qt5Gui/Qt5Gui_QICNSPlugin.cmake",
		"E:/5.15.2/mingw81_64/lib/cmake/Qt5Gui/Qt5Gui_QICOPlugin.cmake",
		"E:/5.15.2/mingw81_64/lib/cmake/Qt5Gui/Qt5Gui_QJpegPlugin.cmake",
		"E:/5.15.2/mingw81_64/lib/cmake/Qt5Gui/Qt5Gui_QMinimalIntegrationPlugin.cmake",
		"E:/5.15.2/mingw81_64/lib/cmake/Qt5Gui/Qt5Gui_QOffscreenIntegrationPlugin.cmake",
		"E:/5.15.2/mingw81_64/lib/cmake/Qt5Gui/Qt5Gui_QSvgIconPlugin.cmake",
		"E:/5.15.2/mingw81_64/lib/cmake/Qt5Gui/Qt5Gui_QSvgPlugin.cmake",
		"E:/5.15.2/mingw81_64/lib/cmake/Qt5Gui/Qt5Gui_QTgaPlugin.cmake",
		"E:/5.15.2/mingw81_64/lib/cmake/Qt5Gui/Qt5Gui_QTiffPlugin.cmake",
		"E:/5.15.2/mingw81_64/lib/cmake/Qt5Gui/Qt5Gui_QTuioTouchPlugin.cmake",
		"E:/5.15.2/mingw81_64/lib/cmake/Qt5Gui/Qt5Gui_QWbmpPlugin.cmake",
		"E:/5.15.2/mingw81_64/lib/cmake/Qt5Gui/Qt5Gui_QWebpPlugin.cmake",
		"E:/5.15.2/mingw81_64/lib/cmake/Qt5Gui/Qt5Gui_QWindowsDirect2DIntegrationPlugin.cmake",
		"E:/5.15.2/mingw81_64/lib/cmake/Qt5Gui/Qt5Gui_QWindowsIntegrationPlugin.cmake",
		"E:/5.15.2/mingw81_64/lib/cmake/Qt5Gui/Qt5Gui_QXdgDesktopPortalThemePlugin.cmake",
		"E:/5.15.2/mingw81_64/lib/cmake/Qt5Gui/Qt5GuiConfigExtras.cmake",
		"E:/5.15.2/mingw81_64/lib/cmake/Qt5Widgets/Qt5Widgets_QWindowsVistaStylePlugin.cmake",
		"E:/5.15.2/mingw81_64/lib/cmake/Qt5Widgets/Qt5WidgetsConfigExtras.cmake",
		"E:/5.15.2/mingw81_64/lib/cmake/Qt5Widgets/Qt5WidgetsMacros.cmake",
		"C:/Program Files/CMake/share/cmake-3.19/Modules/CMakeParseArguments.cmake",
		"Z:/Project/QT_cmake/logo.qrc"
	],
	"CMAKE_SOURCE_DIR" : "Z:/Project",
	"DEP_FILE" : "Z:/build-Project-Desktop_Qt_5_15_2_MinGW_64_bit-Release/QT_cmake/Tolteca_GUI_autogen/deps",
	"DEP_FILE_RULE_NAME" : "QT_cmake/Tolteca_GUI_autogen/timestamp",
	"HEADERS" : 
	[
		[ "Z:/Project/QT_cmake/app.h", "MU", "EWIEGA46WW/moc_app.cpp" ],
		[
			"Z:/Project/QT_cmake/my_mainwindow.h",
			"MU",
			"EWIEGA46WW/moc_my_mainwindow.cpp"
		]
	],
	"HEADER_EXTENSIONS" : [ "h", "hh", "h++", "hm", "hpp", "hxx", "in", "txx" ],
	"INCLUDE_DIR" : "Z:/build-Project-Desktop_Qt_5_15_2_MinGW_64_bit-Release/QT_cmake/Tolteca_GUI_autogen/include",
	"MOC_COMPILATION_FILE" : "Z:/build-Project-Desktop_Qt_5_15_2_MinGW_64_bit-Release/QT_cmake/Tolteca_GUI_autogen/mocs_compilation.cpp",
	"MOC_DEFINITIONS" : [ "QT_CORE_LIB", "QT_GUI_LIB", "QT_WIDGETS_LIB" ],
	"MOC_DEPEND_FILTERS" : 
	[
		[
			"Q_PLUGIN_METADATA",
			"[\n][ \t]*Q_PLUGIN_METADATA[ \t]*\\([^\\)]*FILE[ \t]*\"([^\"]+)\""
		]
	],
	"MOC_INCLUDES" : 
	[
		"Z:/Project/QT_cmake",
		"Z:/Project/Bridge",
		"/include",
		"Z:/Project/Bridge",
		"Z:/Project/QT_cmake",
		"C:/ipdi/wrappers/Qt/include",
		"C:/ipdi/base/include",
		"E:/5.15.2/mingw81_64/include",
		"E:/5.15.2/mingw81_64/include/QtWidgets",
		"E:/5.15.2/mingw81_64/include/QtGui",
		"E:/5.15.2/mingw81_64/include/QtANGLE",
		"E:/5.15.2/mingw81_64/include/QtCore",
		"E:/5.15.2/mingw81_64/mkspecs/win32-g++",
		"E:/Tools/mingw810_64/lib/gcc/x86_64-w64-mingw32/8.1.0/include/c++",
		"E:/Tools/mingw810_64/lib/gcc/x86_64-w64-mingw32/8.1.0/include/c++/x86_64-w64-mingw32",
		"E:/Tools/mingw810_64/lib/gcc/x86_64-w64-mingw32/8.1.0/include/c++/backward",
		"E:/Tools/mingw810_64/lib/gcc/x86_64-w64-mingw32/8.1.0/include",
		"E:/Tools/mingw810_64/lib/gcc/x86_64-w64-mingw32/8.1.0/include-fixed",
		"E:/Tools/mingw810_64/x86_64-w64-mingw32/include"
	],
	"MOC_MACRO_NAMES" : [ "Q_OBJECT", "Q_GADGET", "Q_NAMESPACE", "Q_NAMESPACE_EXPORT" ],
	"MOC_OPTIONS" : [],
	"MOC_PATH_PREFIX" : false,
	"MOC_PREDEFS_CMD" : 
	[
		"E://Tools/mingw810_64/bin/g++.exe",
		"-dM",
		"-E",
		"-c",
		"C:/Program Files/CMake/share/cmake-3.19/Modules/CMakeCXXCompilerABI.cpp"
	],
	"MOC_PREDEFS_FILE" : "Z:/build-Project-Desktop_Qt_5_15_2_MinGW_64_bit-Release/QT_cmake/Tolteca_GUI_autogen/moc_predefs.h",
	"MOC_RELAXED_MODE" : false,
	"MOC_SKIP" : [],
	"MULTI_CONFIG" : false,
	"PARALLEL" : 2,
	"PARSE_CACHE_FILE" : "Z:/build-Project-Desktop_Qt_5_15_2_MinGW_64_bit-Release/QT_cmake/CMakeFiles/Tolteca_GUI_autogen.dir/ParseCache.txt",
	"QT_MOC_EXECUTABLE" : "E:/5.15.2/mingw81_64/bin/moc.exe",
	"QT_UIC_EXECUTABLE" : "E:/5.15.2/mingw81_64/bin/uic.exe",
	"QT_VERSION_MAJOR" : 5,
	"QT_VERSION_MINOR" : 15,
	"SETTINGS_FILE" : "Z:/build-Project-Desktop_Qt_5_15_2_MinGW_64_bit-Release/QT_cmake/CMakeFiles/Tolteca_GUI_autogen.dir/AutogenUsed.txt",
	"SOURCES" : 
	[
		[ "Z:/Project/QT_cmake/app.cpp", "MU" ],
		[ "Z:/Project/QT_cmake/my_mainwindow.cpp", "MU" ]
	],
	"UIC_OPTIONS" : [],
	"UIC_SEARCH_PATHS" : [],
	"UIC_SKIP" : [],
	"UIC_UI_FILES" : [],
	"VERBOSITY" : 0
}
