{
  "build": {
    "f_cpu": "50000000L",
    "dupin-sdk": {
      "ldscript": "default.ld"
    },
    "cpu": "dupin",
    "hwids": [
      [
        "0x002a",
        "0x15ba"
      ]
    ],
    "mabi": "ilp32",
    "march": "rv32i",
    "mcu": "dupin"
  },
  "debug": {
    "jlink_device": "dupin",
    "onboard_tools": ["ftdi"]
  },
  "frameworks": [
    "dupin-sdk"
  ],
  "name": "Dupin Baremetal SoC",
  "upload": {
    "maximum_ram_size": 256000,
    "maximum_size": 256000,
    "protocol": "ftdi",
    "protocols": [
      "ftdi",
      "olimex-arm-usb-tiny-h"
    ]
  },
  "url": "https://fpgaparadox.com",
  "vendor": "FPGAParadox"
}
