{
  "name": "dupin",
  "title": "dupin",
  "description": "Dupin SoC",
  "homepage": "https://fpgaparadox.com",
  "license": "Apache-2.0",
  "keywords": [
      "dev-platform",
      "FPGA",
      "RISC-V"
  ],
  "engines": {
    "platformio": "<5"
  },
  "repository": {
    "type": "git",
    "url": "https://github.com/dh73/platform-dupinrv32"
  },
  "version": "2.3.1",
  "packageRepositories": [
    "https://dl.bintray.com/platformio/dl-packages/manifest.json",
    "http://dl.platformio.org/packages/manifest.json"
  ],
  "frameworks": {
    "dupin-sdk": {
      "script": "builder/frameworks/_bare.py",
      "description": "Dupin Baremetal SDK Framework",
      "homepage": "https://fpgaparadox.com",
      "title": "Dupin Baremetal SDK"
    },
    "freertos": {
      "script": "builder/frameworks/freertos.py",
      "description": "FreeRTOS is a real-time operating system kernel for embedded devices that has been ported to 40 microcontroller platforms",
      "homepage": "https://www.freertos.org",
      "title": "FreeRTOS"
    },
    "zephyr": {
      "package": "framework-zephyr",
      "script": "builder/frameworks/zephyr.py"
    }
  },
  "packages": {
    "toolchain-riscv": {
      "type": "toolchain",
      "version": "~1.80300.0"
    },
    "framework-zephyr": {
      "type": "framework",
      "optional": true,
      "version": "~2.20300.0"
    },
    "framework-zephyr-canopennode": {
      "optional": true,
      "version": "0.0.0-alpha+sha.5c6b0566d5"
    },
    "framework-zephyr-civetweb": {
      "optional": true,
      "version": "0.0.0-alpha+sha.99129c5efc"
    },
    "framework-zephyr-fatfs": {
      "optional": true,
      "version": "0.0.0-alpha+sha.9ee6b9b951"
    },
    "framework-zephyr-libmetal": {
      "optional": true,
      "version": "0.0.0-alpha+sha.3c3c9ec83b"
    },
    "framework-zephyr-lvgl": {
      "optional": true,
      "version": "0.0.0-alpha+sha.74fc2e753a"
    },
    "framework-zephyr-mbedtls": {
      "optional": true,
      "version": "0.0.0-alpha+sha.4bf099f125"
    },
    "framework-zephyr-mcuboot": {
      "optional": true,
      "version": "0.0.0-alpha+sha.e88113bbeb"
    },
    "framework-zephyr-mcumgr": {
      "optional": true,
      "version": "0.0.0-alpha+sha.5885efb7ca"
    },
    "framework-zephyr-open-amp": {
      "optional": true,
      "version": "0.0.0-alpha+sha.724f7e2a45"
    },
    "framework-zephyr-loramac-node": {
      "optional": true,
      "version": "0.0.0-alpha+sha.29e516ec58"
    },
    "framework-zephyr-openthread": {
      "optional": true,
      "version": "0.0.0-alpha+sha.a83d18cf18"
    },
    "framework-zephyr-segger": {
      "optional": true,
      "version": "0.0.0-alpha+sha.6fcf61606d"
    },
    "framework-zephyr-tinycbor": {
      "optional": true,
      "version": "0.0.0-alpha+sha.40daca97b4"
    },
    "framework-zephyr-tinycrypt": {
      "optional": true,
      "version": "0.0.0-alpha+sha.3e9a49d267"
    },
    "framework-zephyr-littlefs": {
      "optional": true,
      "version": "0.0.0-alpha+sha.0aefdda69d"
    },
    "framework-zephyr-mipi-sys-t": {
      "optional": true,
      "version": "0.0.0-alpha+sha.957d46bc3c"
    },
    "framework-zephyr-trusted-firmware-m": {
      "optional": true,
      "version": "0.0.0-alpha+sha.7de2daa196"
    },
    "tool-openocd-riscv": {
      "optional": true,
      "type": "uploader",
      "version": "~2.1000.0"
    },
    "tool-jlink": {
      "type": "uploader",
      "optional": true,
      "version": "^1.63208.0"
    },
    "tool-qemu-riscv": {
      "type": "debugger",
      "optional": true,
      "version": "~1.40100.0"
    },
    "tool-renode": {
      "type": "debugger",
      "optional": true,
      "version": "~1.10900.0"
    },
    "tool-cmake": {
      "optional": true,
      "version": "~3.16.0"
    },
    "tool-dtc": {
      "optional": true,
      "version": "~1.4.7"
    },
    "tool-ninja": {
      "optional": true,
      "version": "^1.7.0"
    },
    "tool-gperf": {
      "optional": true,
      "version": "^3.0.0"
    }
  }
}
