{
	"BUILD_DIR" : "Z:/build-Project-Desktop_Qt_5_15_2_MinGW_64_bit-Release/Tolteca_autogen",
	"CMAKE_BINARY_DIR" : "Z:/build-Project-Desktop_Qt_5_15_2_MinGW_64_bit-Release",
	"CMAKE_CURRENT_BINARY_DIR" : "Z:/build-Project-Desktop_Qt_5_15_2_MinGW_64_bit-Release",
	"CMAKE_CURRENT_SOURCE_DIR" : "Z:/Project",
	"CMAKE_SOURCE_DIR" : "Z:/Project",
	"INCLUDE_DIR" : "Z:/build-Project-Desktop_Qt_5_15_2_MinGW_64_bit-Release/Tolteca_autogen/include",
	"INPUTS" : [ "Z:/Project/QT_cmake/external-content.duckduckgo.com.png" ],
	"LOCK_FILE" : "Z:/build-Project-Desktop_Qt_5_15_2_MinGW_64_bit-Release/CMakeFiles/Tolteca_autogen.dir/AutoRcc_logo_4IYL7V2WWR_Lock.lock",
	"MULTI_CONFIG" : false,
	"OPTIONS" : [ "-name", "logo" ],
	"OUTPUT_CHECKSUM" : "4IYL7V2WWR",
	"OUTPUT_NAME" : "qrc_logo.cpp",
	"RCC_EXECUTABLE" : "E:/5.15.2/mingw81_64/bin/rcc.exe",
	"RCC_LIST_OPTIONS" : [ "--list" ],
	"SETTINGS_FILE" : "Z:/build-Project-Desktop_Qt_5_15_2_MinGW_64_bit-Release/CMakeFiles/Tolteca_autogen.dir/AutoRcc_logo_4IYL7V2WWR_Used.txt",
	"SOURCE" : "Z:/Project/QT_cmake/logo.qrc",
	"VERBOSITY" : 0
}
