{
	"BUILD_DIR" : "Z:/build-Project-Desktop_Qt_5_15_2_MinGW_64_bit-Release/Tolteca_autogen",
	"CMAKE_BINARY_DIR" : "Z:/build-Project-Desktop_Qt_5_15_2_MinGW_64_bit-Release",
	"CMAKE_CURRENT_BINARY_DIR" : "Z:/build-Project-Desktop_Qt_5_15_2_MinGW_64_bit-Release",
	"CMAKE_CURRENT_SOURCE_DIR" : "Z:/Project",
	"CMAKE_EXECUTABLE" : "C:/Program Files/CMake/bin/cmake.exe",
	"CMAKE_LIST_FILES" : 
	[
		"Z:/Project/CMakeLists.txt",
		"C:/Program Files/CMake/share/cmake-3.19/Modules/CMakeDetermineSystem.cmake",
		"C:/Program Files/CMake/share/cmake-3.19/Modules/CMakeSystem.cmake.in",
		"Z:/build-Project-Desktop_Qt_5_15_2_MinGW_64_bit-Release/CMakeFiles/3.19.3/CMakeSystem.cmake",
		"C:/Program Files/CMake/share/cmake-3.19/Modules/CMakeNinjaFindMake.cmake",
		"C:/Program Files/CMake/share/cmake-3.19/Modules/CMakeSystemSpecificInitialize.cmake",
		"C:/Program Files/CMake/share/cmake-3.19/Modules/CMakeDetermineCCompiler.cmake",
		"C:/Program Files/CMake/share/cmake-3.19/Modules/CMakeDetermineCompiler.cmake",
		"C:/Program Files/CMake/share/cmake-3.19/Modules/CMakeDetermineCompilerId.cmake",
		"C:/Program Files/CMake/share/cmake-3.19/Modules/CMakeCompilerIdDetection.cmake",
		"C:/Program Files/CMake/share/cmake-3.19/Modules/Compiler/ADSP-DetermineCompiler.cmake",
		"C:/Program Files/CMake/share/cmake-3.19/Modules/Compiler/ARMCC-DetermineCompiler.cmake",
		"C:/Program Files/CMake/share/cmake-3.19/Modules/Compiler/ARMClang-DetermineCompiler.cmake",
		"C:/Program Files/CMake/share/cmake-3.19/Modules/Compiler/AppleClang-DetermineCompiler.cmake",
		"C:/Program Files/CMake/share/cmake-3.19/Modules/Compiler/Clang-DetermineCompilerInternal.cmake",
		"C:/Program Files/CMake/share/cmake-3.19/Modules/Compiler/Borland-DetermineCompiler.cmake",
		"C:/Program Files/CMake/share/cmake-3.19/Modules/Compiler/Bruce-C-DetermineCompiler.cmake",
		"C:/Program Files/CMake/share/cmake-3.19/Modules/Compiler/Clang-DetermineCompiler.cmake",
		"C:/Program Files/CMake/share/cmake-3.19/Modules/Compiler/Clang-DetermineCompilerInternal.cmake",
		"C:/Program Files/CMake/share/cmake-3.19/Modules/Compiler/Compaq-C-DetermineCompiler.cmake",
		"C:/Program Files/CMake/share/cmake-3.19/Modules/Compiler/Cray-DetermineCompiler.cmake",
		"C:/Program Files/CMake/share/cmake-3.19/Modules/Compiler/Embarcadero-DetermineCompiler.cmake",
		"C:/Program Files/CMake/share/cmake-3.19/Modules/Compiler/Fujitsu-DetermineCompiler.cmake",
		"C:/Program Files/CMake/share/cmake-3.19/Modules/Compiler/GHS-DetermineCompiler.cmake",
		"C:/Program Files/CMake/share/cmake-3.19/Modules/Compiler/GNU-C-DetermineCompiler.cmake",
		"C:/Program Files/CMake/share/cmake-3.19/Modules/Compiler/HP-C-DetermineCompiler.cmake",
		"C:/Program Files/CMake/share/cmake-3.19/Modules/Compiler/IAR-DetermineCompiler.cmake",
		"C:/Program Files/CMake/share/cmake-3.19/Modules/Compiler/Intel-DetermineCompiler.cmake",
		"C:/Program Files/CMake/share/cmake-3.19/Modules/Compiler/MSVC-DetermineCompiler.cmake",
		"C:/Program Files/CMake/share/cmake-3.19/Modules/Compiler/NVIDIA-DetermineCompiler.cmake",
		"C:/Program Files/CMake/share/cmake-3.19/Modules/Compiler/OpenWatcom-DetermineCompiler.cmake",
		"C:/Program Files/CMake/share/cmake-3.19/Modules/Compiler/PGI-DetermineCompiler.cmake",
		"C:/Program Files/CMake/share/cmake-3.19/Modules/Compiler/PathScale-DetermineCompiler.cmake",
		"C:/Program Files/CMake/share/cmake-3.19/Modules/Compiler/SCO-DetermineCompiler.cmake",
		"C:/Program Files/CMake/share/cmake-3.19/Modules/Compiler/SDCC-C-DetermineCompiler.cmake",
		"C:/Program Files/CMake/share/cmake-3.19/Modules/Compiler/SunPro-C-DetermineCompiler.cmake",
		"C:/Program Files/CMake/share/cmake-3.19/Modules/Compiler/TI-DetermineCompiler.cmake",
		"C:/Program Files/CMake/share/cmake-3.19/Modules/Compiler/TinyCC-C-DetermineCompiler.cmake",
		"C:/Program Files/CMake/share/cmake-3.19/Modules/Compiler/VisualAge-C-DetermineCompiler.cmake",
		"C:/Program Files/CMake/share/cmake-3.19/Modules/Compiler/IBMCPP-C-DetermineVersionInternal.cmake",
		"C:/Program Files/CMake/share/cmake-3.19/Modules/Compiler/Watcom-DetermineCompiler.cmake",
		"C:/Program Files/CMake/share/cmake-3.19/Modules/Compiler/XL-C-DetermineCompiler.cmake",
		"C:/Program Files/CMake/share/cmake-3.19/Modules/Compiler/IBMCPP-C-DetermineVersionInternal.cmake",
		"C:/Program Files/CMake/share/cmake-3.19/Modules/Compiler/XLClang-C-DetermineCompiler.cmake",
		"C:/Program Files/CMake/share/cmake-3.19/Modules/Compiler/zOS-C-DetermineCompiler.cmake",
		"C:/Program Files/CMake/share/cmake-3.19/Modules/Compiler/IBMCPP-C-DetermineVersionInternal.cmake",
		"C:/Program Files/CMake/share/cmake-3.19/Modules/CMakeFindBinUtils.cmake",
		"C:/Program Files/CMake/share/cmake-3.19/Modules/Compiler/GNU-FindBinUtils.cmake",
		"C:/Program Files/CMake/share/cmake-3.19/Modules/CMakeCCompiler.cmake.in",
		"Z:/build-Project-Desktop_Qt_5_15_2_MinGW_64_bit-Release/CMakeFiles/3.19.3/CMakeCCompiler.cmake",
		"C:/Program Files/CMake/share/cmake-3.19/Modules/CMakeDetermineCXXCompiler.cmake",
		"C:/Program Files/CMake/share/cmake-3.19/Modules/CMakeDetermineCompiler.cmake",
		"C:/Program Files/CMake/share/cmake-3.19/Modules/Platform/Windows-Determine-CXX.cmake",
		"C:/Program Files/CMake/share/cmake-3.19/Modules/CMakeDetermineCompilerId.cmake",
		"C:/Program Files/CMake/share/cmake-3.19/Modules/CMakeCompilerIdDetection.cmake",
		"C:/Program Files/CMake/share/cmake-3.19/Modules/Compiler/ADSP-DetermineCompiler.cmake",
		"C:/Program Files/CMake/share/cmake-3.19/Modules/Compiler/ARMCC-DetermineCompiler.cmake",
		"C:/Program Files/CMake/share/cmake-3.19/Modules/Compiler/ARMClang-DetermineCompiler.cmake",
		"C:/Program Files/CMake/share/cmake-3.19/Modules/Compiler/AppleClang-DetermineCompiler.cmake",
		"C:/Program Files/CMake/share/cmake-3.19/Modules/Compiler/Clang-DetermineCompilerInternal.cmake",
		"C:/Program Files/CMake/share/cmake-3.19/Modules/Compiler/Borland-DetermineCompiler.cmake",
		"C:/Program Files/CMake/share/cmake-3.19/Modules/Compiler/Clang-DetermineCompiler.cmake",
		"C:/Program Files/CMake/share/cmake-3.19/Modules/Compiler/Clang-DetermineCompilerInternal.cmake",
		"C:/Program Files/CMake/share/cmake-3.19/Modules/Compiler/Comeau-CXX-DetermineCompiler.cmake",
		"C:/Program Files/CMake/share/cmake-3.19/Modules/Compiler/Compaq-CXX-DetermineCompiler.cmake",
		"C:/Program Files/CMake/share/cmake-3.19/Modules/Compiler/Cray-DetermineCompiler.cmake",
		"C:/Program Files/CMake/share/cmake-3.19/Modules/Compiler/Embarcadero-DetermineCompiler.cmake",
		"C:/Program Files/CMake/share/cmake-3.19/Modules/Compiler/Fujitsu-DetermineCompiler.cmake",
		"C:/Program Files/CMake/share/cmake-3.19/Modules/Compiler/GHS-DetermineCompiler.cmake",
		"C:/Program Files/CMake/share/cmake-3.19/Modules/Compiler/GNU-CXX-DetermineCompiler.cmake",
		"C:/Program Files/CMake/share/cmake-3.19/Modules/Compiler/HP-CXX-DetermineCompiler.cmake",
		"C:/Program Files/CMake/share/cmake-3.19/Modules/Compiler/IAR-DetermineCompiler.cmake",
		"C:/Program Files/CMake/share/cmake-3.19/Modules/Compiler/Intel-DetermineCompiler.cmake",
		"C:/Program Files/CMake/share/cmake-3.19/Modules/Compiler/MSVC-DetermineCompiler.cmake",
		"C:/Program Files/CMake/share/cmake-3.19/Modules/Compiler/NVIDIA-DetermineCompiler.cmake",
		"C:/Program Files/CMake/share/cmake-3.19/Modules/Compiler/OpenWatcom-DetermineCompiler.cmake",
		"C:/Program Files/CMake/share/cmake-3.19/Modules/Compiler/PGI-DetermineCompiler.cmake",
		"C:/Program Files/CMake/share/cmake-3.19/Modules/Compiler/PathScale-DetermineCompiler.cmake",
		"C:/Program Files/CMake/share/cmake-3.19/Modules/Compiler/SCO-DetermineCompiler.cmake",
		"C:/Program Files/CMake/share/cmake-3.19/Modules/Compiler/SunPro-CXX-DetermineCompiler.cmake",
		"C:/Program Files/CMake/share/cmake-3.19/Modules/Compiler/TI-DetermineCompiler.cmake",
		"C:/Program Files/CMake/share/cmake-3.19/Modules/Compiler/VisualAge-CXX-DetermineCompiler.cmake",
		"C:/Program Files/CMake/share/cmake-3.19/Modules/Compiler/IBMCPP-CXX-DetermineVersionInternal.cmake",
		"C:/Program Files/CMake/share/cmake-3.19/Modules/Compiler/Watcom-DetermineCompiler.cmake",
		"C:/Program Files/CMake/share/cmake-3.19/Modules/Compiler/XL-CXX-DetermineCompiler.cmake",
		"C:/Program Files/CMake/share/cmake-3.19/Modules/Compiler/IBMCPP-CXX-DetermineVersionInternal.cmake",
		"C:/Program Files/CMake/share/cmake-3.19/Modules/Compiler/XLClang-CXX-DetermineCompiler.cmake",
		"C:/Program Files/CMake/share/cmake-3.19/Modules/Compiler/zOS-CXX-DetermineCompiler.cmake",
		"C:/Program Files/CMake/share/cmake-3.19/Modules/Compiler/IBMCPP-CXX-DetermineVersionInternal.cmake",
		"C:/Program Files/CMake/share/cmake-3.19/Modules/CMakeFindBinUtils.cmake",
		"C:/Program Files/CMake/share/cmake-3.19/Modules/Compiler/GNU-FindBinUtils.cmake",
		"C:/Program Files/CMake/share/cmake-3.19/Modules/CMakeCXXCompiler.cmake.in",
		"Z:/build-Project-Desktop_Qt_5_15_2_MinGW_64_bit-Release/CMakeFiles/3.19.3/CMakeCXXCompiler.cmake",
		"C:/Program Files/CMake/share/cmake-3.19/Modules/CMakeSystemSpecificInformation.cmake",
		"C:/Program Files/CMake/share/cmake-3.19/Modules/CMakeGenericSystem.cmake",
		"C:/Program Files/CMake/share/cmake-3.19/Modules/CMakeInitializeConfigs.cmake",
		"C:/Program Files/CMake/share/cmake-3.19/Modules/Platform/Windows.cmake",
		"C:/Program Files/CMake/share/cmake-3.19/Modules/Platform/WindowsPaths.cmake",
		"C:/Program Files/CMake/share/cmake-3.19/Modules/CMakeCInformation.cmake",
		"C:/Program Files/CMake/share/cmake-3.19/Modules/CMakeLanguageInformation.cmake",
		"C:/Program Files/CMake/share/cmake-3.19/Modules/Compiler/GNU-C.cmake",
		"C:/Program Files/CMake/share/cmake-3.19/Modules/Compiler/GNU.cmake",
		"C:/Program Files/CMake/share/cmake-3.19/Modules/Compiler/CMakeCommonCompilerMacros.cmake",
		"C:/Program Files/CMake/share/cmake-3.19/Modules/Platform/Windows-GNU-C.cmake",
		"C:/Program Files/CMake/share/cmake-3.19/Modules/Platform/Windows-GNU.cmake",
		"C:/Program Files/CMake/share/cmake-3.19/Modules/CMakeDetermineRCCompiler.cmake",
		"C:/Program Files/CMake/share/cmake-3.19/Modules/CMakeRCCompiler.cmake.in",
		"Z:/build-Project-Desktop_Qt_5_15_2_MinGW_64_bit-Release/CMakeFiles/3.19.3/CMakeRCCompiler.cmake",
		"C:/Program Files/CMake/share/cmake-3.19/Modules/CMakeRCInformation.cmake",
		"C:/Program Files/CMake/share/cmake-3.19/Modules/Platform/Windows-windres.cmake",
		"C:/Program Files/CMake/share/cmake-3.19/Modules/CMakeTestRCCompiler.cmake",
		"C:/Program Files/CMake/share/cmake-3.19/Modules/CMakeCommonLanguageInclude.cmake",
		"C:/Program Files/CMake/share/cmake-3.19/Modules/CMakeTestCCompiler.cmake",
		"C:/Program Files/CMake/share/cmake-3.19/Modules/CMakeTestCompilerCommon.cmake",
		"C:/Program Files/CMake/share/cmake-3.19/Modules/CMakeDetermineCompilerABI.cmake",
		"C:/Program Files/CMake/share/cmake-3.19/Modules/CMakeParseImplicitIncludeInfo.cmake",
		"C:/Program Files/CMake/share/cmake-3.19/Modules/CMakeParseImplicitLinkInfo.cmake",
		"C:/Program Files/CMake/share/cmake-3.19/Modules/CMakeTestCompilerCommon.cmake",
		"C:/Program Files/CMake/share/cmake-3.19/Modules/CMakeCCompilerABI.c",
		"C:/Program Files/CMake/share/cmake-3.19/Modules/CMakeDetermineCompileFeatures.cmake",
		"C:/Program Files/CMake/share/cmake-3.19/Modules/Internal/FeatureTesting.cmake",
		"C:/Program Files/CMake/share/cmake-3.19/Modules/CMakeCCompiler.cmake.in",
		"Z:/build-Project-Desktop_Qt_5_15_2_MinGW_64_bit-Release/CMakeFiles/3.19.3/CMakeCCompiler.cmake",
		"C:/Program Files/CMake/share/cmake-3.19/Modules/Platform/Windows-GNU-C-ABI.cmake",
		"C:/Program Files/CMake/share/cmake-3.19/Modules/CMakeCXXInformation.cmake",
		"C:/Program Files/CMake/share/cmake-3.19/Modules/CMakeLanguageInformation.cmake",
		"C:/Program Files/CMake/share/cmake-3.19/Modules/Compiler/GNU-CXX.cmake",
		"C:/Program Files/CMake/share/cmake-3.19/Modules/Compiler/GNU.cmake",
		"C:/Program Files/CMake/share/cmake-3.19/Modules/Platform/Windows-GNU-CXX.cmake",
		"C:/Program Files/CMake/share/cmake-3.19/Modules/Platform/Windows-GNU.cmake",
		"C:/Program Files/CMake/share/cmake-3.19/Modules/CMakeCommonLanguageInclude.cmake",
		"C:/Program Files/CMake/share/cmake-3.19/Modules/CMakeTestCXXCompiler.cmake",
		"C:/Program Files/CMake/share/cmake-3.19/Modules/CMakeTestCompilerCommon.cmake",
		"C:/Program Files/CMake/share/cmake-3.19/Modules/CMakeDetermineCompilerABI.cmake",
		"C:/Program Files/CMake/share/cmake-3.19/Modules/CMakeParseImplicitIncludeInfo.cmake",
		"C:/Program Files/CMake/share/cmake-3.19/Modules/CMakeParseImplicitLinkInfo.cmake",
		"C:/Program Files/CMake/share/cmake-3.19/Modules/CMakeTestCompilerCommon.cmake",
		"C:/Program Files/CMake/share/cmake-3.19/Modules/CMakeCXXCompilerABI.cpp",
		"C:/Program Files/CMake/share/cmake-3.19/Modules/CMakeDetermineCompileFeatures.cmake",
		"C:/Program Files/CMake/share/cmake-3.19/Modules/Internal/FeatureTesting.cmake",
		"C:/Program Files/CMake/share/cmake-3.19/Modules/CMakeCXXCompiler.cmake.in",
		"Z:/build-Project-Desktop_Qt_5_15_2_MinGW_64_bit-Release/CMakeFiles/3.19.3/CMakeCXXCompiler.cmake",
		"C:/Program Files/CMake/share/cmake-3.19/Modules/Platform/Windows-GNU-CXX-ABI.cmake",
		"E:/5.15.2/mingw81_64/lib/cmake/Qt5/Qt5ConfigVersion.cmake",
		"E:/5.15.2/mingw81_64/lib/cmake/Qt5/Qt5Config.cmake",
		"E:/5.15.2/mingw81_64/lib/cmake/Qt5/Qt5ModuleLocation.cmake",
		"E:/5.15.2/mingw81_64/lib/cmake/Qt5Widgets/Qt5WidgetsConfigVersion.cmake",
		"E:/5.15.2/mingw81_64/lib/cmake/Qt5Widgets/Qt5WidgetsConfig.cmake",
		"E:/5.15.2/mingw81_64/lib/cmake/Qt5Gui/Qt5GuiConfigVersion.cmake",
		"E:/5.15.2/mingw81_64/lib/cmake/Qt5Gui/Qt5GuiConfig.cmake",
		"E:/5.15.2/mingw81_64/lib/cmake/Qt5Core/Qt5CoreConfigVersion.cmake",
		"E:/5.15.2/mingw81_64/lib/cmake/Qt5Core/Qt5CoreConfig.cmake",
		"E:/5.15.2/mingw81_64/lib/cmake/Qt5Core/Qt5CoreConfigExtras.cmake",
		"E:/5.15.2/mingw81_64/lib/cmake/Qt5Core/Qt5CoreConfigExtrasMkspecDir.cmake",
		"E:/5.15.2/mingw81_64/lib/cmake/Qt5Core/Qt5CoreMacros.cmake",
		"C:/Program Files/CMake/share/cmake-3.19/Modules/CMakeParseArguments.cmake",
		"E:/5.15.2/mingw81_64/lib/cmake/Qt5Gui/Qt5Gui_QGifPlugin.cmake",
		"E:/5.15.2/mingw81_64/lib/cmake/Qt5Gui/Qt5Gui_QICNSPlugin.cmake",
		"E:/5.15.2/mingw81_64/lib/cmake/Qt5Gui/Qt5Gui_QICOPlugin.cmake",
		"E:/5.15.2/mingw81_64/lib/cmake/Qt5Gui/Qt5Gui_QJpegPlugin.cmake",
		"E:/5.15.2/mingw81_64/lib/cmake/Qt5Gui/Qt5Gui_QMinimalIntegrationPlugin.cmake",
		"E:/5.15.2/mingw81_64/lib/cmake/Qt5Gui/Qt5Gui_QOffscreenIntegrationPlugin.cmake",
		"E:/5.15.2/mingw81_64/lib/cmake/Qt5Gui/Qt5Gui_QSvgIconPlugin.cmake",
		"E:/5.15.2/mingw81_64/lib/cmake/Qt5Gui/Qt5Gui_QSvgPlugin.cmake",
		"E:/5.15.2/mingw81_64/lib/cmake/Qt5Gui/Qt5Gui_QTgaPlugin.cmake",
		"E:/5.15.2/mingw81_64/lib/cmake/Qt5Gui/Qt5Gui_QTiffPlugin.cmake",
		"E:/5.15.2/mingw81_64/lib/cmake/Qt5Gui/Qt5Gui_QTuioTouchPlugin.cmake",
		"E:/5.15.2/mingw81_64/lib/cmake/Qt5Gui/Qt5Gui_QWbmpPlugin.cmake",
		"E:/5.15.2/mingw81_64/lib/cmake/Qt5Gui/Qt5Gui_QWebpPlugin.cmake",
		"E:/5.15.2/mingw81_64/lib/cmake/Qt5Gui/Qt5Gui_QWindowsDirect2DIntegrationPlugin.cmake",
		"E:/5.15.2/mingw81_64/lib/cmake/Qt5Gui/Qt5Gui_QWindowsIntegrationPlugin.cmake",
		"E:/5.15.2/mingw81_64/lib/cmake/Qt5Gui/Qt5Gui_QXdgDesktopPortalThemePlugin.cmake",
		"E:/5.15.2/mingw81_64/lib/cmake/Qt5Gui/Qt5GuiConfigExtras.cmake",
		"E:/5.15.2/mingw81_64/lib/cmake/Qt5Widgets/Qt5Widgets_QWindowsVistaStylePlugin.cmake",
		"E:/5.15.2/mingw81_64/lib/cmake/Qt5Widgets/Qt5WidgetsConfigExtras.cmake",
		"E:/5.15.2/mingw81_64/lib/cmake/Qt5Widgets/Qt5WidgetsMacros.cmake",
		"C:/Program Files/CMake/share/cmake-3.19/Modules/CMakeParseArguments.cmake",
		"Z:/Project/QT_cmake/logo.qrc"
	],
	"CMAKE_SOURCE_DIR" : "Z:/Project",
	"DEP_FILE" : "Z:/build-Project-Desktop_Qt_5_15_2_MinGW_64_bit-Release/Tolteca_autogen/deps",
	"DEP_FILE_RULE_NAME" : "Tolteca_autogen/timestamp",
	"HEADERS" : [],
	"HEADER_EXTENSIONS" : [ "h", "hh", "h++", "hm", "hpp", "hxx", "in", "txx" ],
	"INCLUDE_DIR" : "Z:/build-Project-Desktop_Qt_5_15_2_MinGW_64_bit-Release/Tolteca_autogen/include",
	"MOC_COMPILATION_FILE" : "Z:/build-Project-Desktop_Qt_5_15_2_MinGW_64_bit-Release/Tolteca_autogen/mocs_compilation.cpp",
	"MOC_DEFINITIONS" : [ "QT_CORE_LIB", "QT_GUI_LIB", "QT_WIDGETS_LIB" ],
	"MOC_DEPEND_FILTERS" : 
	[
		[
			"Q_PLUGIN_METADATA",
			"[\n][ \t]*Q_PLUGIN_METADATA[ \t]*\\([^\\)]*FILE[ \t]*\"([^\"]+)\""
		]
	],
	"MOC_INCLUDES" : 
	[
		"Z:/Project/QT_cmake",
		"Z:/Project/Bridge",
		"/include",
		"Z:/Project/Bridge",
		"Z:/Project/QT_cmake",
		"C:/ipdi/wrappers/Qt/include",
		"C:/ipdi/base/include",
		"Z:/Project/Menu_Backend",
		"Z:/Project/QT_cmake",
		"Z:/Project/Bridge",
		"E:/5.15.2/mingw81_64/include",
		"E:/5.15.2/mingw81_64/include/QtWidgets",
		"E:/5.15.2/mingw81_64/include/QtGui",
		"E:/5.15.2/mingw81_64/include/QtANGLE",
		"E:/5.15.2/mingw81_64/include/QtCore",
		"E:/5.15.2/mingw81_64/mkspecs/win32-g++",
		"E:/Tools/mingw810_64/lib/gcc/x86_64-w64-mingw32/8.1.0/include/c++",
		"E:/Tools/mingw810_64/lib/gcc/x86_64-w64-mingw32/8.1.0/include/c++/x86_64-w64-mingw32",
		"E:/Tools/mingw810_64/lib/gcc/x86_64-w64-mingw32/8.1.0/include/c++/backward",
		"E:/Tools/mingw810_64/lib/gcc/x86_64-w64-mingw32/8.1.0/include",
		"E:/Tools/mingw810_64/lib/gcc/x86_64-w64-mingw32/8.1.0/include-fixed",
		"E:/Tools/mingw810_64/x86_64-w64-mingw32/include"
	],
	"MOC_MACRO_NAMES" : [ "Q_OBJECT", "Q_GADGET", "Q_NAMESPACE", "Q_NAMESPACE_EXPORT" ],
	"MOC_OPTIONS" : [],
	"MOC_PATH_PREFIX" : false,
	"MOC_PREDEFS_CMD" : 
	[
		"E://Tools/mingw810_64/bin/g++.exe",
		"-dM",
		"-E",
		"-c",
		"C:/Program Files/CMake/share/cmake-3.19/Modules/CMakeCXXCompilerABI.cpp"
	],
	"MOC_PREDEFS_FILE" : "Z:/build-Project-Desktop_Qt_5_15_2_MinGW_64_bit-Release/Tolteca_autogen/moc_predefs.h",
	"MOC_RELAXED_MODE" : false,
	"MOC_SKIP" : [],
	"MULTI_CONFIG" : false,
	"PARALLEL" : 2,
	"PARSE_CACHE_FILE" : "Z:/build-Project-Desktop_Qt_5_15_2_MinGW_64_bit-Release/CMakeFiles/Tolteca_autogen.dir/ParseCache.txt",
	"QT_MOC_EXECUTABLE" : "E:/5.15.2/mingw81_64/bin/moc.exe",
	"QT_UIC_EXECUTABLE" : "E:/5.15.2/mingw81_64/bin/uic.exe",
	"QT_VERSION_MAJOR" : 5,
	"QT_VERSION_MINOR" : 15,
	"SETTINGS_FILE" : "Z:/build-Project-Desktop_Qt_5_15_2_MinGW_64_bit-Release/CMakeFiles/Tolteca_autogen.dir/AutogenUsed.txt",
	"SOURCES" : 
	[
		[ "Z:/Project/main.cpp", "MU" ]
	],
	"UIC_OPTIONS" : [],
	"UIC_SEARCH_PATHS" : [],
	"UIC_SKIP" : [],
	"UIC_UI_FILES" : [],
	"VERBOSITY" : 0
}
